"countryname","country","IND","Indicator","SEX","Sex","AGE","Age Group","TIME","Time","Unit Code","Unit","PowerCode Code","PowerCode","Reference Period Code","Reference Period","value","Flag Codes","Flags"
"오스트레일리아","Australia","EMP9","Gender wage gap","ALL_PERSONS","All persons","TOTAL","Total","2000","2000","PC","Percentage","0","Units",,,17.2,,
"오스트레일리아","Australia","EMP9","Gender wage gap","ALL_PERSONS","All persons","TOTAL","Total","2001","2001","PC","Percentage","0","Units",,,14.3,,
"오스트레일리아","Australia","EMP9","Gender wage gap","ALL_PERSONS","All persons","TOTAL","Total","2002","2002","PC","Percentage","0","Units",,,15,,
"오스트레일리아","Australia","EMP9","Gender wage gap","ALL_PERSONS","All persons","TOTAL","Total","2003","2003","PC","Percentage","0","Units",,,13,,
"오스트레일리아","Australia","EMP9","Gender wage gap","ALL_PERSONS","All persons","TOTAL","Total","2004","2004","PC","Percentage","0","Units",,,14.4,,
"오스트레일리아","Australia","EMP9","Gender wage gap","ALL_PERSONS","All persons","TOTAL","Total","2005","2005","PC","Percentage","0","Units",,,15.8,,
"오스트레일리아","Australia","EMP9","Gender wage gap","ALL_PERSONS","All persons","TOTAL","Total","2006","2006","PC","Percentage","0","Units",,,16.7,,
"오스트레일리아","Australia","EMP9","Gender wage gap","ALL_PERSONS","All persons","TOTAL","Total","2007","2007","PC","Percentage","0","Units",,,15.4,,
"오스트레일리아","Australia","EMP9","Gender wage gap","ALL_PERSONS","All persons","TOTAL","Total","2008","2008","PC","Percentage","0","Units",,,11.9,,
"오스트레일리아","Australia","EMP9","Gender wage gap","ALL_PERSONS","All persons","TOTAL","Total","2009","2009","PC","Percentage","0","Units",,,16.4,,
"오스트레일리아","Australia","EMP9","Gender wage gap","ALL_PERSONS","All persons","TOTAL","Total","2010","2010","PC","Percentage","0","Units",,,14,,
"오스트레일리아","Australia","EMP9","Gender wage gap","ALL_PERSONS","All persons","TOTAL","Total","2011","2011","PC","Percentage","0","Units",,,16,,
"오스트레일리아","Australia","EMP9","Gender wage gap","ALL_PERSONS","All persons","TOTAL","Total","2012","2012","PC","Percentage","0","Units",,,13.8,,
"오스트리아","Austria","EMP9","Gender wage gap","ALL_PERSONS","All persons","TOTAL","Total","2000","2000","PC","Percentage","0","Units",,,23.1,,
"오스트리아","Austria","EMP9","Gender wage gap","ALL_PERSONS","All persons","TOTAL","Total","2001","2001","PC","Percentage","0","Units",,,22.8,,
"오스트리아","Austria","EMP9","Gender wage gap","ALL_PERSONS","All persons","TOTAL","Total","2002","2002","PC","Percentage","0","Units",,,24.5,,
"오스트리아","Austria","EMP9","Gender wage gap","ALL_PERSONS","All persons","TOTAL","Total","2003","2003","PC","Percentage","0","Units",,,21.1,,
"오스트리아","Austria","EMP9","Gender wage gap","ALL_PERSONS","All persons","TOTAL","Total","2004","2004","PC","Percentage","0","Units",,,22.4,,
"오스트리아","Austria","EMP9","Gender wage gap","ALL_PERSONS","All persons","TOTAL","Total","2005","2005","PC","Percentage","0","Units",,,22,,
"오스트리아","Austria","EMP9","Gender wage gap","ALL_PERSONS","All persons","TOTAL","Total","2006","2006","PC","Percentage","0","Units",,,21.9,,
"오스트리아","Austria","EMP9","Gender wage gap","ALL_PERSONS","All persons","TOTAL","Total","2007","2007","PC","Percentage","0","Units",,,21.6,,
"오스트리아","Austria","EMP9","Gender wage gap","ALL_PERSONS","All persons","TOTAL","Total","2008","2008","PC","Percentage","0","Units",,,20.9,,
"오스트리아","Austria","EMP9","Gender wage gap","ALL_PERSONS","All persons","TOTAL","Total","2009","2009","PC","Percentage","0","Units",,,19.4,,
"오스트리아","Austria","EMP9","Gender wage gap","ALL_PERSONS","All persons","TOTAL","Total","2010","2010","PC","Percentage","0","Units",,,19.2,,
"오스트리아","Austria","EMP9","Gender wage gap","ALL_PERSONS","All persons","TOTAL","Total","2011","2011","PC","Percentage","0","Units",,,18.6,,
"벨기에","Belgium","EMP9","Gender wage gap","ALL_PERSONS","All persons","TOTAL","Total","2000","2000","PC","Percentage","0","Units",,,13.6,,
"벨기에","Belgium","EMP9","Gender wage gap","ALL_PERSONS","All persons","TOTAL","Total","2001","2001","PC","Percentage","0","Units",,,13.2,,
"벨기에","Belgium","EMP9","Gender wage gap","ALL_PERSONS","All persons","TOTAL","Total","2002","2002","PC","Percentage","0","Units",,,11.6,,
"벨기에","Belgium","EMP9","Gender wage gap","ALL_PERSONS","All persons","TOTAL","Total","2003","2003","PC","Percentage","0","Units",,,15.2,,
"벨기에","Belgium","EMP9","Gender wage gap","ALL_PERSONS","All persons","TOTAL","Total","2004","2004","PC","Percentage","0","Units",,,11.8,,
"벨기에","Belgium","EMP9","Gender wage gap","ALL_PERSONS","All persons","TOTAL","Total","2005","2005","PC","Percentage","0","Units",,,11.5,,
"벨기에","Belgium","EMP9","Gender wage gap","ALL_PERSONS","All persons","TOTAL","Total","2006","2006","PC","Percentage","0","Units",,,10.3,,
"벨기에","Belgium","EMP9","Gender wage gap","ALL_PERSONS","All persons","TOTAL","Total","2007","2007","PC","Percentage","0","Units",,,9.9,,
"벨기에","Belgium","EMP9","Gender wage gap","ALL_PERSONS","All persons","TOTAL","Total","2008","2008","PC","Percentage","0","Units",,,8.9,,
"벨기에","Belgium","EMP9","Gender wage gap","ALL_PERSONS","All persons","TOTAL","Total","2009","2009","PC","Percentage","0","Units",,,7.5,,
"벨기에","Belgium","EMP9","Gender wage gap","ALL_PERSONS","All persons","TOTAL","Total","2010","2010","PC","Percentage","0","Units",,,7,,
"벨기에","Belgium","EMP9","Gender wage gap","ALL_PERSONS","All persons","TOTAL","Total","2011","2011","PC","Percentage","0","Units",,,5.8,,
"캐나다","Canada","EMP9","Gender wage gap","ALL_PERSONS","All persons","TOTAL","Total","2000","2000","PC","Percentage","0","Units",,,23.9,,
"캐나다","Canada","EMP9","Gender wage gap","ALL_PERSONS","All persons","TOTAL","Total","2001","2001","PC","Percentage","0","Units",,,24.3,,
"캐나다","Canada","EMP9","Gender wage gap","ALL_PERSONS","All persons","TOTAL","Total","2002","2002","PC","Percentage","0","Units",,,24,,
"캐나다","Canada","EMP9","Gender wage gap","ALL_PERSONS","All persons","TOTAL","Total","2003","2003","PC","Percentage","0","Units",,,22.5,,
"캐나다","Canada","EMP9","Gender wage gap","ALL_PERSONS","All persons","TOTAL","Total","2004","2004","PC","Percentage","0","Units",,,22.7,,
"캐나다","Canada","EMP9","Gender wage gap","ALL_PERSONS","All persons","TOTAL","Total","2005","2005","PC","Percentage","0","Units",,,21.3,,
"캐나다","Canada","EMP9","Gender wage gap","ALL_PERSONS","All persons","TOTAL","Total","2006","2006","PC","Percentage","0","Units",,,21.1,,
"캐나다","Canada","EMP9","Gender wage gap","ALL_PERSONS","All persons","TOTAL","Total","2007","2007","PC","Percentage","0","Units",,,20.8,,
"캐나다","Canada","EMP9","Gender wage gap","ALL_PERSONS","All persons","TOTAL","Total","2008","2008","PC","Percentage","0","Units",,,20.5,,
"캐나다","Canada","EMP9","Gender wage gap","ALL_PERSONS","All persons","TOTAL","Total","2009","2009","PC","Percentage","0","Units",,,20.1,,
"캐나다","Canada","EMP9","Gender wage gap","ALL_PERSONS","All persons","TOTAL","Total","2010","2010","PC","Percentage","0","Units",,,19,,
"캐나다","Canada","EMP9","Gender wage gap","ALL_PERSONS","All persons","TOTAL","Total","2011","2011","PC","Percentage","0","Units",,,19.2,,
"캐나다","Canada","EMP9","Gender wage gap","ALL_PERSONS","All persons","TOTAL","Total","2012","2012","PC","Percentage","0","Units",,,19.5,,
"체코","Czech Republic","EMP9","Gender wage gap","ALL_PERSONS","All persons","TOTAL","Total","2000","2000","PC","Percentage","0","Units",,,19.1,,
"체코","Czech Republic","EMP9","Gender wage gap","ALL_PERSONS","All persons","TOTAL","Total","2001","2001","PC","Percentage","0","Units",,,16.9,,
"체코","Czech Republic","EMP9","Gender wage gap","ALL_PERSONS","All persons","TOTAL","Total","2002","2002","PC","Percentage","0","Units",,,16,,
"체코","Czech Republic","EMP9","Gender wage gap","ALL_PERSONS","All persons","TOTAL","Total","2003","2003","PC","Percentage","0","Units",,,15.6,,
"체코","Czech Republic","EMP9","Gender wage gap","ALL_PERSONS","All persons","TOTAL","Total","2004","2004","PC","Percentage","0","Units",,,16.1,,
"체코","Czech Republic","EMP9","Gender wage gap","ALL_PERSONS","All persons","TOTAL","Total","2005","2005","PC","Percentage","0","Units",,,15.9,,
"체코","Czech Republic","EMP9","Gender wage gap","ALL_PERSONS","All persons","TOTAL","Total","2006","2006","PC","Percentage","0","Units",,,15.4,,
"체코","Czech Republic","EMP9","Gender wage gap","ALL_PERSONS","All persons","TOTAL","Total","2007","2007","PC","Percentage","0","Units",,,16.9,,
"체코","Czech Republic","EMP9","Gender wage gap","ALL_PERSONS","All persons","TOTAL","Total","2008","2008","PC","Percentage","0","Units",,,17.9,,
"체코","Czech Republic","EMP9","Gender wage gap","ALL_PERSONS","All persons","TOTAL","Total","2009","2009","PC","Percentage","0","Units",,,15.1,,
"체코","Czech Republic","EMP9","Gender wage gap","ALL_PERSONS","All persons","TOTAL","Total","2011","2011","PC","Percentage","0","Units",,,16.3,,
"체코","Czech Republic","EMP9","Gender wage gap","ALL_PERSONS","All persons","TOTAL","Total","2012","2012","PC","Percentage","0","Units",,,15.3,,
"덴마크","Denmark","EMP9","Gender wage gap","ALL_PERSONS","All persons","TOTAL","Total","2002","2002","PC","Percentage","0","Units",,,10.8,,
"덴마크","Denmark","EMP9","Gender wage gap","ALL_PERSONS","All persons","TOTAL","Total","2003","2003","PC","Percentage","0","Units",,,9.9,,
"덴마크","Denmark","EMP9","Gender wage gap","ALL_PERSONS","All persons","TOTAL","Total","2004","2004","PC","Percentage","0","Units",,,10.2,,
"덴마크","Denmark","EMP9","Gender wage gap","ALL_PERSONS","All persons","TOTAL","Total","2005","2005","PC","Percentage","0","Units",,,10.2,,
"덴마크","Denmark","EMP9","Gender wage gap","ALL_PERSONS","All persons","TOTAL","Total","2006","2006","PC","Percentage","0","Units",,,10.2,,
"덴마크","Denmark","EMP9","Gender wage gap","ALL_PERSONS","All persons","TOTAL","Total","2007","2007","PC","Percentage","0","Units",,,9.9,,
"덴마크","Denmark","EMP9","Gender wage gap","ALL_PERSONS","All persons","TOTAL","Total","2008","2008","PC","Percentage","0","Units",,,10.2,,
"덴마크","Denmark","EMP9","Gender wage gap","ALL_PERSONS","All persons","TOTAL","Total","2009","2009","PC","Percentage","0","Units",,,10.2,,
"덴마크","Denmark","EMP9","Gender wage gap","ALL_PERSONS","All persons","TOTAL","Total","2010","2010","PC","Percentage","0","Units",,,8.9,,
"덴마크","Denmark","EMP9","Gender wage gap","ALL_PERSONS","All persons","TOTAL","Total","2011","2011","PC","Percentage","0","Units",,,7.9,,
"핀란드","Finland","EMP9","Gender wage gap","ALL_PERSONS","All persons","TOTAL","Total","2000","2000","PC","Percentage","0","Units",,,20.4,,
"핀란드","Finland","EMP9","Gender wage gap","ALL_PERSONS","All persons","TOTAL","Total","2001","2001","PC","Percentage","0","Units",,,21.2,,
"핀란드","Finland","EMP9","Gender wage gap","ALL_PERSONS","All persons","TOTAL","Total","2002","2002","PC","Percentage","0","Units",,,20.4,,
"핀란드","Finland","EMP9","Gender wage gap","ALL_PERSONS","All persons","TOTAL","Total","2003","2003","PC","Percentage","0","Units",,,20.1,,
"핀란드","Finland","EMP9","Gender wage gap","ALL_PERSONS","All persons","TOTAL","Total","2004","2004","PC","Percentage","0","Units",,,20,,
"핀란드","Finland","EMP9","Gender wage gap","ALL_PERSONS","All persons","TOTAL","Total","2005","2005","PC","Percentage","0","Units",,,18.9,,
"핀란드","Finland","EMP9","Gender wage gap","ALL_PERSONS","All persons","TOTAL","Total","2006","2006","PC","Percentage","0","Units",,,19.4,,
"핀란드","Finland","EMP9","Gender wage gap","ALL_PERSONS","All persons","TOTAL","Total","2007","2007","PC","Percentage","0","Units",,,21.4,,
"핀란드","Finland","EMP9","Gender wage gap","ALL_PERSONS","All persons","TOTAL","Total","2008","2008","PC","Percentage","0","Units",,,21.2,,
"핀란드","Finland","EMP9","Gender wage gap","ALL_PERSONS","All persons","TOTAL","Total","2009","2009","PC","Percentage","0","Units",,,19.7,,
"핀란드","Finland","EMP9","Gender wage gap","ALL_PERSONS","All persons","TOTAL","Total","2010","2010","PC","Percentage","0","Units",,,18.9,,
"핀란드","Finland","EMP9","Gender wage gap","ALL_PERSONS","All persons","TOTAL","Total","2011","2011","PC","Percentage","0","Units",,,18.6,,
"프랑스","France","EMP9","Gender wage gap","ALL_PERSONS","All persons","TOTAL","Total","2002","2002","PC","Percentage","0","Units",,,13.3,,
"프랑스","France","EMP9","Gender wage gap","ALL_PERSONS","All persons","TOTAL","Total","2006","2006","PC","Percentage","0","Units",,,9.4,,
"독일","Germany","EMP9","Gender wage gap","ALL_PERSONS","All persons","TOTAL","Total","2000","2000","PC","Percentage","0","Units",,,20.5,,
"독일","Germany","EMP9","Gender wage gap","ALL_PERSONS","All persons","TOTAL","Total","2001","2001","PC","Percentage","0","Units",,,19.2,,
"독일","Germany","EMP9","Gender wage gap","ALL_PERSONS","All persons","TOTAL","Total","2002","2002","PC","Percentage","0","Units",,,19.1,,
"독일","Germany","EMP9","Gender wage gap","ALL_PERSONS","All persons","TOTAL","Total","2003","2003","PC","Percentage","0","Units",,,20.4,,
"독일","Germany","EMP9","Gender wage gap","ALL_PERSONS","All persons","TOTAL","Total","2004","2004","PC","Percentage","0","Units",,,22.5,,
"독일","Germany","EMP9","Gender wage gap","ALL_PERSONS","All persons","TOTAL","Total","2005","2005","PC","Percentage","0","Units",,,17.3,,
"독일","Germany","EMP9","Gender wage gap","ALL_PERSONS","All persons","TOTAL","Total","2006","2006","PC","Percentage","0","Units",,,19.6,,
"독일","Germany","EMP9","Gender wage gap","ALL_PERSONS","All persons","TOTAL","Total","2007","2007","PC","Percentage","0","Units",,,17.1,,
"독일","Germany","EMP9","Gender wage gap","ALL_PERSONS","All persons","TOTAL","Total","2008","2008","PC","Percentage","0","Units",,,17.4,,
"독일","Germany","EMP9","Gender wage gap","ALL_PERSONS","All persons","TOTAL","Total","2009","2009","PC","Percentage","0","Units",,,17,,
"독일","Germany","EMP9","Gender wage gap","ALL_PERSONS","All persons","TOTAL","Total","2010","2010","PC","Percentage","0","Units",,,16.8,,
"독일","Germany","EMP9","Gender wage gap","ALL_PERSONS","All persons","TOTAL","Total","2011","2011","PC","Percentage","0","Units",,,16.7,,
"그리스","Greece","EMP9","Gender wage gap","ALL_PERSONS","All persons","TOTAL","Total","2004","2004","PC","Percentage","0","Units",,,13.9,,
"그리스","Greece","EMP9","Gender wage gap","ALL_PERSONS","All persons","TOTAL","Total","2005","2005","PC","Percentage","0","Units",,,16.7,,
"그리스","Greece","EMP9","Gender wage gap","ALL_PERSONS","All persons","TOTAL","Total","2006","2006","PC","Percentage","0","Units",,,11.9,,
"그리스","Greece","EMP9","Gender wage gap","ALL_PERSONS","All persons","TOTAL","Total","2007","2007","PC","Percentage","0","Units",,,11.6,,
"그리스","Greece","EMP9","Gender wage gap","ALL_PERSONS","All persons","TOTAL","Total","2008","2008","PC","Percentage","0","Units",,,9.5,,
"그리스","Greece","EMP9","Gender wage gap","ALL_PERSONS","All persons","TOTAL","Total","2010","2010","PC","Percentage","0","Units",,,12.2,,
"그리스","Greece","EMP9","Gender wage gap","ALL_PERSONS","All persons","TOTAL","Total","2011","2011","PC","Percentage","0","Units",,,10.7,,
"헝가리","Hungary","EMP9","Gender wage gap","ALL_PERSONS","All persons","TOTAL","Total","2000","2000","PC","Percentage","0","Units",,,14.1,,
"헝가리","Hungary","EMP9","Gender wage gap","ALL_PERSONS","All persons","TOTAL","Total","2001","2001","PC","Percentage","0","Units",,,13.7,,
"헝가리","Hungary","EMP9","Gender wage gap","ALL_PERSONS","All persons","TOTAL","Total","2002","2002","PC","Percentage","0","Units",,,9.1,,
"헝가리","Hungary","EMP9","Gender wage gap","ALL_PERSONS","All persons","TOTAL","Total","2003","2003","PC","Percentage","0","Units",,,1.5,,
"헝가리","Hungary","EMP9","Gender wage gap","ALL_PERSONS","All persons","TOTAL","Total","2004","2004","PC","Percentage","0","Units",,,3,,
"헝가리","Hungary","EMP9","Gender wage gap","ALL_PERSONS","All persons","TOTAL","Total","2005","2005","PC","Percentage","0","Units",,,4,,
"헝가리","Hungary","EMP9","Gender wage gap","ALL_PERSONS","All persons","TOTAL","Total","2006","2006","PC","Percentage","0","Units",,,0.4,,
"헝가리","Hungary","EMP9","Gender wage gap","ALL_PERSONS","All persons","TOTAL","Total","2007","2007","PC","Percentage","0","Units",,,3.6,,
"헝가리","Hungary","EMP9","Gender wage gap","ALL_PERSONS","All persons","TOTAL","Total","2008","2008","PC","Percentage","0","Units",,,2.2,,
"헝가리","Hungary","EMP9","Gender wage gap","ALL_PERSONS","All persons","TOTAL","Total","2009","2009","PC","Percentage","0","Units",,,3.9,,
"헝가리","Hungary","EMP9","Gender wage gap","ALL_PERSONS","All persons","TOTAL","Total","2010","2010","PC","Percentage","0","Units",,,6.4,,
"헝가리","Hungary","EMP9","Gender wage gap","ALL_PERSONS","All persons","TOTAL","Total","2011","2011","PC","Percentage","0","Units",,,6.9,,
"헝가리","Hungary","EMP9","Gender wage gap","ALL_PERSONS","All persons","TOTAL","Total","2012","2012","PC","Percentage","0","Units",,,11.3,,
"아이스란드","Iceland","EMP9","Gender wage gap","ALL_PERSONS","All persons","TOTAL","Total","2004","2004","PC","Percentage","0","Units",,,19.2,,
"아이스란드","Iceland","EMP9","Gender wage gap","ALL_PERSONS","All persons","TOTAL","Total","2005","2005","PC","Percentage","0","Units",,,13.2,,
"아이스란드","Iceland","EMP9","Gender wage gap","ALL_PERSONS","All persons","TOTAL","Total","2006","2006","PC","Percentage","0","Units",,,12.4,,
"아이스란드","Iceland","EMP9","Gender wage gap","ALL_PERSONS","All persons","TOTAL","Total","2007","2007","PC","Percentage","0","Units",,,15.9,,
"아이스란드","Iceland","EMP9","Gender wage gap","ALL_PERSONS","All persons","TOTAL","Total","2008","2008","PC","Percentage","0","Units",,,13.3,,
"아이스란드","Iceland","EMP9","Gender wage gap","ALL_PERSONS","All persons","TOTAL","Total","2011","2011","PC","Percentage","0","Units",,,14.1,,
"아일랜드","Ireland","EMP9","Gender wage gap","ALL_PERSONS","All persons","TOTAL","Total","2000","2000","PC","Percentage","0","Units",,,19.7,,
"아일랜드","Ireland","EMP9","Gender wage gap","ALL_PERSONS","All persons","TOTAL","Total","2003","2003","PC","Percentage","0","Units",,,19.7,,
"아일랜드","Ireland","EMP9","Gender wage gap","ALL_PERSONS","All persons","TOTAL","Total","2004","2004","PC","Percentage","0","Units",,,18.2,,
"아일랜드","Ireland","EMP9","Gender wage gap","ALL_PERSONS","All persons","TOTAL","Total","2005","2005","PC","Percentage","0","Units",,,13.8,,
"아일랜드","Ireland","EMP9","Gender wage gap","ALL_PERSONS","All persons","TOTAL","Total","2006","2006","PC","Percentage","0","Units",,,14.4,,
"아일랜드","Ireland","EMP9","Gender wage gap","ALL_PERSONS","All persons","TOTAL","Total","2007","2007","PC","Percentage","0","Units",,,18,,
"아일랜드","Ireland","EMP9","Gender wage gap","ALL_PERSONS","All persons","TOTAL","Total","2008","2008","PC","Percentage","0","Units",,,15,,
"아일랜드","Ireland","EMP9","Gender wage gap","ALL_PERSONS","All persons","TOTAL","Total","2009","2009","PC","Percentage","0","Units",,,14.9,,
"아일랜드","Ireland","EMP9","Gender wage gap","ALL_PERSONS","All persons","TOTAL","Total","2010","2010","PC","Percentage","0","Units",,,12.8,,
"아일랜드","Ireland","EMP9","Gender wage gap","ALL_PERSONS","All persons","TOTAL","Total","2011","2011","PC","Percentage","0","Units",,,10.4,,
"이탈리아","Italy","EMP9","Gender wage gap","ALL_PERSONS","All persons","TOTAL","Total","2000","2000","PC","Percentage","0","Units",,,8.5,,
"이탈리아","Italy","EMP9","Gender wage gap","ALL_PERSONS","All persons","TOTAL","Total","2002","2002","PC","Percentage","0","Units",,,10.3,,
"이탈리아","Italy","EMP9","Gender wage gap","ALL_PERSONS","All persons","TOTAL","Total","2004","2004","PC","Percentage","0","Units",,,6.7,,
"이탈리아","Italy","EMP9","Gender wage gap","ALL_PERSONS","All persons","TOTAL","Total","2006","2006","PC","Percentage","0","Units",,,7.7,,
"이탈리아","Italy","EMP9","Gender wage gap","ALL_PERSONS","All persons","TOTAL","Total","2008","2008","PC","Percentage","0","Units",,,11.8,,
"이탈리아","Italy","EMP9","Gender wage gap","ALL_PERSONS","All persons","TOTAL","Total","2010","2010","PC","Percentage","0","Units",,,9.9,,
"일본","Japan","EMP9","Gender wage gap","ALL_PERSONS","All persons","TOTAL","Total","2000","2000","PC","Percentage","0","Units",,,33.9,,
"일본","Japan","EMP9","Gender wage gap","ALL_PERSONS","All persons","TOTAL","Total","2001","2001","PC","Percentage","0","Units",,,33.9,,
"일본","Japan","EMP9","Gender wage gap","ALL_PERSONS","All persons","TOTAL","Total","2002","2002","PC","Percentage","0","Units",,,32.5,,
"일본","Japan","EMP9","Gender wage gap","ALL_PERSONS","All persons","TOTAL","Total","2003","2003","PC","Percentage","0","Units",,,32,,
"일본","Japan","EMP9","Gender wage gap","ALL_PERSONS","All persons","TOTAL","Total","2004","2004","PC","Percentage","0","Units",,,31.1,,
"일본","Japan","EMP9","Gender wage gap","ALL_PERSONS","All persons","TOTAL","Total","2005","2005","PC","Percentage","0","Units",,,32.8,,
"일본","Japan","EMP9","Gender wage gap","ALL_PERSONS","All persons","TOTAL","Total","2006","2006","PC","Percentage","0","Units",,,33,,
"일본","Japan","EMP9","Gender wage gap","ALL_PERSONS","All persons","TOTAL","Total","2007","2007","PC","Percentage","0","Units",,,31.7,,
"일본","Japan","EMP9","Gender wage gap","ALL_PERSONS","All persons","TOTAL","Total","2008","2008","PC","Percentage","0","Units",,,30.7,,
"일본","Japan","EMP9","Gender wage gap","ALL_PERSONS","All persons","TOTAL","Total","2009","2009","PC","Percentage","0","Units",,,28.3,,
"일본","Japan","EMP9","Gender wage gap","ALL_PERSONS","All persons","TOTAL","Total","2010","2010","PC","Percentage","0","Units",,,28.7,,
"일본","Japan","EMP9","Gender wage gap","ALL_PERSONS","All persons","TOTAL","Total","2011","2011","PC","Percentage","0","Units",,,27.4,,
"일본","Japan","EMP9","Gender wage gap","ALL_PERSONS","All persons","TOTAL","Total","2012","2012","PC","Percentage","0","Units",,,26.5,,
"한국","Korea","EMP9","Gender wage gap","ALL_PERSONS","All persons","TOTAL","Total","2000","2000","PC","Percentage","0","Units",,,41.7,,
"한국","Korea","EMP9","Gender wage gap","ALL_PERSONS","All persons","TOTAL","Total","2001","2001","PC","Percentage","0","Units",,,40.4,,
"한국","Korea","EMP9","Gender wage gap","ALL_PERSONS","All persons","TOTAL","Total","2002","2002","PC","Percentage","0","Units",,,41,,
"한국","Korea","EMP9","Gender wage gap","ALL_PERSONS","All persons","TOTAL","Total","2003","2003","PC","Percentage","0","Units",,,40.1,,
"한국","Korea","EMP9","Gender wage gap","ALL_PERSONS","All persons","TOTAL","Total","2004","2004","PC","Percentage","0","Units",,,39.6,,
"한국","Korea","EMP9","Gender wage gap","ALL_PERSONS","All persons","TOTAL","Total","2005","2005","PC","Percentage","0","Units",,,39.6,,
"한국","Korea","EMP9","Gender wage gap","ALL_PERSONS","All persons","TOTAL","Total","2006","2006","PC","Percentage","0","Units",,,39.8,,
"한국","Korea","EMP9","Gender wage gap","ALL_PERSONS","All persons","TOTAL","Total","2007","2007","PC","Percentage","0","Units",,,38.2,,
"한국","Korea","EMP9","Gender wage gap","ALL_PERSONS","All persons","TOTAL","Total","2008","2008","PC","Percentage","0","Units",,,39,,
"한국","Korea","EMP9","Gender wage gap","ALL_PERSONS","All persons","TOTAL","Total","2009","2009","PC","Percentage","0","Units",,,38.6,,
"한국","Korea","EMP9","Gender wage gap","ALL_PERSONS","All persons","TOTAL","Total","2010","2010","PC","Percentage","0","Units",,,39.6,,
"한국","Korea","EMP9","Gender wage gap","ALL_PERSONS","All persons","TOTAL","Total","2011","2011","PC","Percentage","0","Units",,,36.6,,
"한국","Korea","EMP9","Gender wage gap","ALL_PERSONS","All persons","TOTAL","Total","2012","2012","PC","Percentage","0","Units",,,36.3,,
"네덜란드","Netherlands","EMP9","Gender wage gap","ALL_PERSONS","All persons","TOTAL","Total","2002","2002","PC","Percentage","0","Units",,,16.1,,
"뉴질랜드","New Zealand","EMP9","Gender wage gap","ALL_PERSONS","All persons","TOTAL","Total","2000","2000","PC","Percentage","0","Units",,,7.2,,
"뉴질랜드","New Zealand","EMP9","Gender wage gap","ALL_PERSONS","All persons","TOTAL","Total","2001","2001","PC","Percentage","0","Units",,,8.1,,
"뉴질랜드","New Zealand","EMP9","Gender wage gap","ALL_PERSONS","All persons","TOTAL","Total","2002","2002","PC","Percentage","0","Units",,,7.3,,
"뉴질랜드","New Zealand","EMP9","Gender wage gap","ALL_PERSONS","All persons","TOTAL","Total","2003","2003","PC","Percentage","0","Units",,,7.7,,
"뉴질랜드","New Zealand","EMP9","Gender wage gap","ALL_PERSONS","All persons","TOTAL","Total","2004","2004","PC","Percentage","0","Units",,,8.1,,
"뉴질랜드","New Zealand","EMP9","Gender wage gap","ALL_PERSONS","All persons","TOTAL","Total","2005","2005","PC","Percentage","0","Units",,,9.6,,
"뉴질랜드","New Zealand","EMP9","Gender wage gap","ALL_PERSONS","All persons","TOTAL","Total","2006","2006","PC","Percentage","0","Units",,,9.3,,
"뉴질랜드","New Zealand","EMP9","Gender wage gap","ALL_PERSONS","All persons","TOTAL","Total","2007","2007","PC","Percentage","0","Units",,,7.1,,
"뉴질랜드","New Zealand","EMP9","Gender wage gap","ALL_PERSONS","All persons","TOTAL","Total","2008","2008","PC","Percentage","0","Units",,,8.1,,
"뉴질랜드","New Zealand","EMP9","Gender wage gap","ALL_PERSONS","All persons","TOTAL","Total","2009","2009","PC","Percentage","0","Units",,,8.8,,
"뉴질랜드","New Zealand","EMP9","Gender wage gap","ALL_PERSONS","All persons","TOTAL","Total","2010","2010","PC","Percentage","0","Units",,,7,,
"뉴질랜드","New Zealand","EMP9","Gender wage gap","ALL_PERSONS","All persons","TOTAL","Total","2011","2011","PC","Percentage","0","Units",,,4.5,,
"뉴질랜드","New Zealand","EMP9","Gender wage gap","ALL_PERSONS","All persons","TOTAL","Total","2012","2012","PC","Percentage","0","Units",,,5.9,,
"노르웨이","Norway","EMP9","Gender wage gap","ALL_PERSONS","All persons","TOTAL","Total","2000","2000","PC","Percentage","0","Units",,,10.2,,
"노르웨이","Norway","EMP9","Gender wage gap","ALL_PERSONS","All persons","TOTAL","Total","2001","2001","PC","Percentage","0","Units",,,10.7,,
"노르웨이","Norway","EMP9","Gender wage gap","ALL_PERSONS","All persons","TOTAL","Total","2002","2002","PC","Percentage","0","Units",,,10.7,,
"노르웨이","Norway","EMP9","Gender wage gap","ALL_PERSONS","All persons","TOTAL","Total","2003","2003","PC","Percentage","0","Units",,,10.2,,
"노르웨이","Norway","EMP9","Gender wage gap","ALL_PERSONS","All persons","TOTAL","Total","2004","2004","PC","Percentage","0","Units",,,9.7,,
"노르웨이","Norway","EMP9","Gender wage gap","ALL_PERSONS","All persons","TOTAL","Total","2005","2005","PC","Percentage","0","Units",,,9.4,,
"노르웨이","Norway","EMP9","Gender wage gap","ALL_PERSONS","All persons","TOTAL","Total","2006","2006","PC","Percentage","0","Units",,,9.2,,
"노르웨이","Norway","EMP9","Gender wage gap","ALL_PERSONS","All persons","TOTAL","Total","2007","2007","PC","Percentage","0","Units",,,9.8,,
"노르웨이","Norway","EMP9","Gender wage gap","ALL_PERSONS","All persons","TOTAL","Total","2008","2008","PC","Percentage","0","Units",,,9.2,,
"노르웨이","Norway","EMP9","Gender wage gap","ALL_PERSONS","All persons","TOTAL","Total","2009","2009","PC","Percentage","0","Units",,,8.7,,
"노르웨이","Norway","EMP9","Gender wage gap","ALL_PERSONS","All persons","TOTAL","Total","2010","2010","PC","Percentage","0","Units",,,8.1,,
"노르웨이","Norway","EMP9","Gender wage gap","ALL_PERSONS","All persons","TOTAL","Total","2011","2011","PC","Percentage","0","Units",,,7.8,,
"노르웨이","Norway","EMP9","Gender wage gap","ALL_PERSONS","All persons","TOTAL","Total","2012","2012","PC","Percentage","0","Units",,,6.4,,
"폴란드","Poland","EMP9","Gender wage gap","ALL_PERSONS","All persons","TOTAL","Total","2005","2005","PC","Percentage","0","Units",,,11,,
"폴란드","Poland","EMP9","Gender wage gap","ALL_PERSONS","All persons","TOTAL","Total","2006","2006","PC","Percentage","0","Units",,,11.4,,
"폴란드","Poland","EMP9","Gender wage gap","ALL_PERSONS","All persons","TOTAL","Total","2007","2007","PC","Percentage","0","Units",,,12.2,,
"폴란드","Poland","EMP9","Gender wage gap","ALL_PERSONS","All persons","TOTAL","Total","2008","2008","PC","Percentage","0","Units",,,13,,
"폴란드","Poland","EMP9","Gender wage gap","ALL_PERSONS","All persons","TOTAL","Total","2010","2010","PC","Percentage","0","Units",,,7.2,,
"폴란드","Poland","EMP9","Gender wage gap","ALL_PERSONS","All persons","TOTAL","Total","2011","2011","PC","Percentage","0","Units",,,8.9,,
"포르투갈","Portugal","EMP9","Gender wage gap","ALL_PERSONS","All persons","TOTAL","Total","2004","2004","PC","Percentage","0","Units",,,13,,
"포르투갈","Portugal","EMP9","Gender wage gap","ALL_PERSONS","All persons","TOTAL","Total","2005","2005","PC","Percentage","0","Units",,,16,,
"포르투갈","Portugal","EMP9","Gender wage gap","ALL_PERSONS","All persons","TOTAL","Total","2006","2006","PC","Percentage","0","Units",,,14.4,,
"포르투갈","Portugal","EMP9","Gender wage gap","ALL_PERSONS","All persons","TOTAL","Total","2007","2007","PC","Percentage","0","Units",,,15.3,,
"포르투갈","Portugal","EMP9","Gender wage gap","ALL_PERSONS","All persons","TOTAL","Total","2008","2008","PC","Percentage","0","Units",,,15.6,,
"포르투갈","Portugal","EMP9","Gender wage gap","ALL_PERSONS","All persons","TOTAL","Total","2010","2010","PC","Percentage","0","Units",,,13.5,,
"포르투갈","Portugal","EMP9","Gender wage gap","ALL_PERSONS","All persons","TOTAL","Total","2011","2011","PC","Percentage","0","Units",,,15.2,,
"슬로바키아","Slovak Republic","EMP9","Gender wage gap","ALL_PERSONS","All persons","TOTAL","Total","2002","2002","PC","Percentage","0","Units",,,20.4,,
"슬로바키아","Slovak Republic","EMP9","Gender wage gap","ALL_PERSONS","All persons","TOTAL","Total","2003","2003","PC","Percentage","0","Units",,,20.7,,
"슬로바키아","Slovak Republic","EMP9","Gender wage gap","ALL_PERSONS","All persons","TOTAL","Total","2004","2004","PC","Percentage","0","Units",,,20.9,,
"슬로바키아","Slovak Republic","EMP9","Gender wage gap","ALL_PERSONS","All persons","TOTAL","Total","2005","2005","PC","Percentage","0","Units",,,20.1,,
"슬로바키아","Slovak Republic","EMP9","Gender wage gap","ALL_PERSONS","All persons","TOTAL","Total","2006","2006","PC","Percentage","0","Units",,,17.8,,
"슬로바키아","Slovak Republic","EMP9","Gender wage gap","ALL_PERSONS","All persons","TOTAL","Total","2007","2007","PC","Percentage","0","Units",,,17.5,,
"슬로바키아","Slovak Republic","EMP9","Gender wage gap","ALL_PERSONS","All persons","TOTAL","Total","2008","2008","PC","Percentage","0","Units",,,16.4,,
"슬로바키아","Slovak Republic","EMP9","Gender wage gap","ALL_PERSONS","All persons","TOTAL","Total","2009","2009","PC","Percentage","0","Units",,,16.4,,
"슬로바키아","Slovak Republic","EMP9","Gender wage gap","ALL_PERSONS","All persons","TOTAL","Total","2010","2010","PC","Percentage","0","Units",,,14.9,,
"슬로바키아","Slovak Republic","EMP9","Gender wage gap","ALL_PERSONS","All persons","TOTAL","Total","2011","2011","PC","Percentage","0","Units",,,15.4,,
"슬로바키아","Slovak Republic","EMP9","Gender wage gap","ALL_PERSONS","All persons","TOTAL","Total","2012","2012","PC","Percentage","0","Units",,,16,,
"스페인","Spain","EMP9","Gender wage gap","ALL_PERSONS","All persons","TOTAL","Total","2004","2004","PC","Percentage","0","Units",,,12.6,,
"스페인","Spain","EMP9","Gender wage gap","ALL_PERSONS","All persons","TOTAL","Total","2005","2005","PC","Percentage","0","Units",,,12.5,,
"스페인","Spain","EMP9","Gender wage gap","ALL_PERSONS","All persons","TOTAL","Total","2006","2006","PC","Percentage","0","Units",,,13.5,,
"스페인","Spain","EMP9","Gender wage gap","ALL_PERSONS","All persons","TOTAL","Total","2007","2007","PC","Percentage","0","Units",,,8.9,,
"스페인","Spain","EMP9","Gender wage gap","ALL_PERSONS","All persons","TOTAL","Total","2008","2008","PC","Percentage","0","Units",,,11.8,,
"스페인","Spain","EMP9","Gender wage gap","ALL_PERSONS","All persons","TOTAL","Total","2009","2009","PC","Percentage","0","Units",,,7.3,,
"스페인","Spain","EMP9","Gender wage gap","ALL_PERSONS","All persons","TOTAL","Total","2010","2010","PC","Percentage","0","Units",,,13.5,,
"스페인","Spain","EMP9","Gender wage gap","ALL_PERSONS","All persons","TOTAL","Total","2011","2011","PC","Percentage","0","Units",,,8.3,,
"스웨덴","Sweden","EMP9","Gender wage gap","ALL_PERSONS","All persons","TOTAL","Total","2000","2000","PC","Percentage","0","Units",,,15.5,,
"스웨덴","Sweden","EMP9","Gender wage gap","ALL_PERSONS","All persons","TOTAL","Total","2001","2001","PC","Percentage","0","Units",,,16.6,,
"스웨덴","Sweden","EMP9","Gender wage gap","ALL_PERSONS","All persons","TOTAL","Total","2002","2002","PC","Percentage","0","Units",,,15.9,,
"스웨덴","Sweden","EMP9","Gender wage gap","ALL_PERSONS","All persons","TOTAL","Total","2003","2003","PC","Percentage","0","Units",,,16,,
"스웨덴","Sweden","EMP9","Gender wage gap","ALL_PERSONS","All persons","TOTAL","Total","2004","2004","PC","Percentage","0","Units",,,15.3,,
"스웨덴","Sweden","EMP9","Gender wage gap","ALL_PERSONS","All persons","TOTAL","Total","2005","2005","PC","Percentage","0","Units",,,14.4,,
"스웨덴","Sweden","EMP9","Gender wage gap","ALL_PERSONS","All persons","TOTAL","Total","2006","2006","PC","Percentage","0","Units",,,14.6,,
"스웨덴","Sweden","EMP9","Gender wage gap","ALL_PERSONS","All persons","TOTAL","Total","2007","2007","PC","Percentage","0","Units",,,16.4,,
"스웨덴","Sweden","EMP9","Gender wage gap","ALL_PERSONS","All persons","TOTAL","Total","2008","2008","PC","Percentage","0","Units",,,15.4,,
"스웨덴","Sweden","EMP9","Gender wage gap","ALL_PERSONS","All persons","TOTAL","Total","2009","2009","PC","Percentage","0","Units",,,14.9,,
"스웨덴","Sweden","EMP9","Gender wage gap","ALL_PERSONS","All persons","TOTAL","Total","2010","2010","PC","Percentage","0","Units",,,14.3,,
"스웨덴","Sweden","EMP9","Gender wage gap","ALL_PERSONS","All persons","TOTAL","Total","2011","2011","PC","Percentage","0","Units",,,15.9,,
"스위스","Switzerland","EMP9","Gender wage gap","ALL_PERSONS","All persons","TOTAL","Total","2000","2000","PC","Percentage","0","Units",,,23.8,,
"스위스","Switzerland","EMP9","Gender wage gap","ALL_PERSONS","All persons","TOTAL","Total","2002","2002","PC","Percentage","0","Units",,,22.8,,
"스위스","Switzerland","EMP9","Gender wage gap","ALL_PERSONS","All persons","TOTAL","Total","2004","2004","PC","Percentage","0","Units",,,22,,
"스위스","Switzerland","EMP9","Gender wage gap","ALL_PERSONS","All persons","TOTAL","Total","2006","2006","PC","Percentage","0","Units",,,21.3,,
"스위스","Switzerland","EMP9","Gender wage gap","ALL_PERSONS","All persons","TOTAL","Total","2008","2008","PC","Percentage","0","Units",,,21.3,,
"스위스","Switzerland","EMP9","Gender wage gap","ALL_PERSONS","All persons","TOTAL","Total","2010","2010","PC","Percentage","0","Units",,,20.1,,
"영국","United Kingdom","EMP9","Gender wage gap","ALL_PERSONS","All persons","TOTAL","Total","2000","2000","PC","Percentage","0","Units",,,26.3,,
"영국","United Kingdom","EMP9","Gender wage gap","ALL_PERSONS","All persons","TOTAL","Total","2001","2001","PC","Percentage","0","Units",,,25.6,,
"영국","United Kingdom","EMP9","Gender wage gap","ALL_PERSONS","All persons","TOTAL","Total","2002","2002","PC","Percentage","0","Units",,,24.4,,
"영국","United Kingdom","EMP9","Gender wage gap","ALL_PERSONS","All persons","TOTAL","Total","2003","2003","PC","Percentage","0","Units",,,24.1,,
"영국","United Kingdom","EMP9","Gender wage gap","ALL_PERSONS","All persons","TOTAL","Total","2004","2004","PC","Percentage","0","Units",,,23.4,,
"영국","United Kingdom","EMP9","Gender wage gap","ALL_PERSONS","All persons","TOTAL","Total","2005","2005","PC","Percentage","0","Units",,,22.1,,
"영국","United Kingdom","EMP9","Gender wage gap","ALL_PERSONS","All persons","TOTAL","Total","2006","2006","PC","Percentage","0","Units",,,21.7,,
"영국","United Kingdom","EMP9","Gender wage gap","ALL_PERSONS","All persons","TOTAL","Total","2007","2007","PC","Percentage","0","Units",,,21.6,,
"영국","United Kingdom","EMP9","Gender wage gap","ALL_PERSONS","All persons","TOTAL","Total","2008","2008","PC","Percentage","0","Units",,,21.9,,
"영국","United Kingdom","EMP9","Gender wage gap","ALL_PERSONS","All persons","TOTAL","Total","2009","2009","PC","Percentage","0","Units",,,20.7,,
"영국","United Kingdom","EMP9","Gender wage gap","ALL_PERSONS","All persons","TOTAL","Total","2010","2010","PC","Percentage","0","Units",,,19.2,,
"영국","United Kingdom","EMP9","Gender wage gap","ALL_PERSONS","All persons","TOTAL","Total","2011","2011","PC","Percentage","0","Units",,,18.2,,
"영국","United Kingdom","EMP9","Gender wage gap","ALL_PERSONS","All persons","TOTAL","Total","2012","2012","PC","Percentage","0","Units",,,17.8,,
"미국","United States","EMP9","Gender wage gap","ALL_PERSONS","All persons","TOTAL","Total","2000","2000","PC","Percentage","0","Units",,,23.1,,
"미국","United States","EMP9","Gender wage gap","ALL_PERSONS","All persons","TOTAL","Total","2001","2001","PC","Percentage","0","Units",,,23.6,,
"미국","United States","EMP9","Gender wage gap","ALL_PERSONS","All persons","TOTAL","Total","2002","2002","PC","Percentage","0","Units",,,22.1,,
"미국","United States","EMP9","Gender wage gap","ALL_PERSONS","All persons","TOTAL","Total","2003","2003","PC","Percentage","0","Units",,,20.6,,
"미국","United States","EMP9","Gender wage gap","ALL_PERSONS","All persons","TOTAL","Total","2004","2004","PC","Percentage","0","Units",,,19.6,,
"미국","United States","EMP9","Gender wage gap","ALL_PERSONS","All persons","TOTAL","Total","2005","2005","PC","Percentage","0","Units",,,19,,
"미국","United States","EMP9","Gender wage gap","ALL_PERSONS","All persons","TOTAL","Total","2006","2006","PC","Percentage","0","Units",,,19.2,,
"미국","United States","EMP9","Gender wage gap","ALL_PERSONS","All persons","TOTAL","Total","2007","2007","PC","Percentage","0","Units",,,19.8,,
"미국","United States","EMP9","Gender wage gap","ALL_PERSONS","All persons","TOTAL","Total","2008","2008","PC","Percentage","0","Units",,,20.1,,
"미국","United States","EMP9","Gender wage gap","ALL_PERSONS","All persons","TOTAL","Total","2009","2009","PC","Percentage","0","Units",,,19.8,,
"미국","United States","EMP9","Gender wage gap","ALL_PERSONS","All persons","TOTAL","Total","2010","2010","PC","Percentage","0","Units",,,18.8,,
"미국","United States","EMP9","Gender wage gap","ALL_PERSONS","All persons","TOTAL","Total","2011","2011","PC","Percentage","0","Units",,,17.8,,
"미국","United States","EMP9","Gender wage gap","ALL_PERSONS","All persons","TOTAL","Total","2012","2012","PC","Percentage","0","Units",,,19.1,,
"칠레","Chile","EMP9","Gender wage gap","ALL_PERSONS","All persons","TOTAL","Total","2011","2011","PC","Percentage","0","Units",,,16,,
"이스라엘","Israel","EMP9","Gender wage gap","ALL_PERSONS","All persons","TOTAL","Total","2001","2001","PC","Percentage","0","Units",,,28.1,,
"이스라엘","Israel","EMP9","Gender wage gap","ALL_PERSONS","All persons","TOTAL","Total","2002","2002","PC","Percentage","0","Units",,,24.5,,
"이스라엘","Israel","EMP9","Gender wage gap","ALL_PERSONS","All persons","TOTAL","Total","2003","2003","PC","Percentage","0","Units",,,24.6,,
"이스라엘","Israel","EMP9","Gender wage gap","ALL_PERSONS","All persons","TOTAL","Total","2004","2004","PC","Percentage","0","Units",,,25.5,,
"이스라엘","Israel","EMP9","Gender wage gap","ALL_PERSONS","All persons","TOTAL","Total","2005","2005","PC","Percentage","0","Units",,,22.4,,
"이스라엘","Israel","EMP9","Gender wage gap","ALL_PERSONS","All persons","TOTAL","Total","2006","2006","PC","Percentage","0","Units",,,22,,
"이스라엘","Israel","EMP9","Gender wage gap","ALL_PERSONS","All persons","TOTAL","Total","2007","2007","PC","Percentage","0","Units",,,21.2,,
"이스라엘","Israel","EMP9","Gender wage gap","ALL_PERSONS","All persons","TOTAL","Total","2008","2008","PC","Percentage","0","Units",,,22,,
"이스라엘","Israel","EMP9","Gender wage gap","ALL_PERSONS","All persons","TOTAL","Total","2009","2009","PC","Percentage","0","Units",,,20.3,,
"이스라엘","Israel","EMP9","Gender wage gap","ALL_PERSONS","All persons","TOTAL","Total","2010","2010","PC","Percentage","0","Units",,,20.7,,
"이스라엘","Israel","EMP9","Gender wage gap","ALL_PERSONS","All persons","TOTAL","Total","2011","2011","PC","Percentage","0","Units",,,21.8,,
"체코","Czech Republic","EMP9","Gender wage gap","ALL_PERSONS","All persons","TOTAL","Total","2010","2010","PC","Percentage","0","Units",,,15.8,,
"프랑스","France","EMP9","Gender wage gap","ALL_PERSONS","All persons","TOTAL","Total","2010","2010","PC","Percentage","0","Units",,,9.1,,
"그리스","Greece","EMP9","Gender wage gap","ALL_PERSONS","All persons","TOTAL","Total","2009","2009","PC","Percentage","0","Units",,,9.6,,
"아이스란드","Iceland","EMP9","Gender wage gap","ALL_PERSONS","All persons","TOTAL","Total","2009","2009","PC","Percentage","0","Units",,,16,,
"아이스란드","Iceland","EMP9","Gender wage gap","ALL_PERSONS","All persons","TOTAL","Total","2010","2010","PC","Percentage","0","Units",,,14.3,,
"룩셈부르크","Luxembourg","EMP9","Gender wage gap","ALL_PERSONS","All persons","TOTAL","Total","2002","2002","PC","Percentage","0","Units",,,15.1,,
"룩셈부르크","Luxembourg","EMP9","Gender wage gap","ALL_PERSONS","All persons","TOTAL","Total","2010","2010","PC","Percentage","0","Units",,,4.6,,
"네덜란드","Netherlands","EMP9","Gender wage gap","ALL_PERSONS","All persons","TOTAL","Total","2006","2006","PC","Percentage","0","Units",,,16,,
"네덜란드","Netherlands","EMP9","Gender wage gap","ALL_PERSONS","All persons","TOTAL","Total","2010","2010","PC","Percentage","0","Units",,,17.9,,
"폴란드","Poland","EMP9","Gender wage gap","ALL_PERSONS","All persons","TOTAL","Total","2009","2009","PC","Percentage","0","Units",,,10.1,,
"포르투갈","Portugal","EMP9","Gender wage gap","ALL_PERSONS","All persons","TOTAL","Total","2009","2009","PC","Percentage","0","Units",,,13.8,,
"터키","Turkey","EMP9","Gender wage gap","ALL_PERSONS","All persons","TOTAL","Total","2010","2010","PC","Percentage","0","Units",,,3.1,,
"칠레","Chile","EMP9","Gender wage gap","ALL_PERSONS","All persons","TOTAL","Total","2000","2000","PC","Percentage","0","Units",,,0,,
"칠레","Chile","EMP9","Gender wage gap","ALL_PERSONS","All persons","TOTAL","Total","2003","2003","PC","Percentage","0","Units",,,0,,
"칠레","Chile","EMP9","Gender wage gap","ALL_PERSONS","All persons","TOTAL","Total","2006","2006","PC","Percentage","0","Units",,,4,,
"칠레","Chile","EMP9","Gender wage gap","ALL_PERSONS","All persons","TOTAL","Total","2009","2009","PC","Percentage","0","Units",,,9.1,,
"에스토니아","Estonia","EMP9","Gender wage gap","ALL_PERSONS","All persons","TOTAL","Total","2002","2002","PC","Percentage","0","Units",,,25,,
"에스토니아","Estonia","EMP9","Gender wage gap","ALL_PERSONS","All persons","TOTAL","Total","2006","2006","PC","Percentage","0","Units",,,29.7,,
"에스토니아","Estonia","EMP9","Gender wage gap","ALL_PERSONS","All persons","TOTAL","Total","2010","2010","PC","Percentage","0","Units",,,27.8,,
"SVN","Slovenia","EMP9","Gender wage gap","ALL_PERSONS","All persons","TOTAL","Total","2010","2010","PC","Percentage","0","Units",,,1,,
"뉴질랜드","New Zealand","EMP9","Gender wage gap","ALL_PERSONS","All persons","TOTAL","Total","2013","2013","PC","Percentage","0","Units",,,6.6,,
"SVN","Slovenia","EMP9","Gender wage gap","ALL_PERSONS","All persons","TOTAL","Total","2006","2006","PC","Percentage","0","Units",,,7.2,,
"그리스","Greece","EMP9","Gender wage gap","ALL_PERSONS","All persons","TOTAL","Total","2012","2012","PC","Percentage","0","Units",,,6.9,,
"핀란드","Finland","EMP9","Gender wage gap","ALL_PERSONS","All persons","TOTAL","Total","2013","2013","PC","Percentage","0","Units",,,20.2,,
"포르투갈","Portugal","EMP9","Gender wage gap","ALL_PERSONS","All persons","TOTAL","Total","2013","2013","PC","Percentage","0","Units",,,16.7,,
"영국","United Kingdom","EMP9","Gender wage gap","ALL_PERSONS","All persons","TOTAL","Total","2013","2013","PC","Percentage","0","Units",,,17.5,,
"벨기에","Belgium","EMP9","Gender wage gap","ALL_PERSONS","All persons","TOTAL","Total","2013","2013","PC","Percentage","0","Units",,,5.9,,
"이탈리아","Italy","EMP9","Gender wage gap","ALL_PERSONS","All persons","TOTAL","Total","2012","2012","PC","Percentage","0","Units",,,11.1,,
"스웨덴","Sweden","EMP9","Gender wage gap","ALL_PERSONS","All persons","TOTAL","Total","2013","2013","PC","Percentage","0","Units",,,13.4,,
"포르투갈","Portugal","EMP9","Gender wage gap","ALL_PERSONS","All persons","TOTAL","Total","2012","2012","PC","Percentage","0","Units",,,16.3,,
"캐나다","Canada","EMP9","Gender wage gap","ALL_PERSONS","All persons","TOTAL","Total","2013","2013","PC","Percentage","0","Units",,,19.3,,
"아일랜드","Ireland","EMP9","Gender wage gap","ALL_PERSONS","All persons","TOTAL","Total","2013","2013","PC","Percentage","0","Units",,,12.8,,
"그리스","Greece","EMP9","Gender wage gap","ALL_PERSONS","All persons","TOTAL","Total","2013","2013","PC","Percentage","0","Units",,,11.3,,
"멕시코","Mexico","EMP9","Gender wage gap","ALL_PERSONS","All persons","TOTAL","Total","2005","2005","PC","Percentage","0","Units",,,16.7,,
"멕시코","Mexico","EMP9","Gender wage gap","ALL_PERSONS","All persons","TOTAL","Total","2008","2008","PC","Percentage","0","Units",,,22.2,,
"폴란드","Poland","EMP9","Gender wage gap","ALL_PERSONS","All persons","TOTAL","Total","2004","2004","PC","Percentage","0","Units",,,10.6,,
"스위스","Switzerland","EMP9","Gender wage gap","ALL_PERSONS","All persons","TOTAL","Total","2012","2012","PC","Percentage","0","Units",,,19.3,,
"룩셈부르크","Luxembourg","EMP9","Gender wage gap","ALL_PERSONS","All persons","TOTAL","Total","2006","2006","PC","Percentage","0","Units",,,7.7,,
"폴란드","Poland","EMP9","Gender wage gap","ALL_PERSONS","All persons","TOTAL","Total","2001","2001","PC","Percentage","0","Units",,,14.3,,
"멕시코","Mexico","EMP9","Gender wage gap","ALL_PERSONS","All persons","TOTAL","Total","2011","2011","PC","Percentage","0","Units",,,10,,
"독일","Germany","EMP9","Gender wage gap","ALL_PERSONS","All persons","TOTAL","Total","2012","2012","PC","Percentage","0","Units",,,15.3,,
"오스트리아","Austria","EMP9","Gender wage gap","ALL_PERSONS","All persons","TOTAL","Total","2012","2012","PC","Percentage","0","Units",,,18.2,,
"독일","Germany","EMP9","Gender wage gap","ALL_PERSONS","All persons","TOTAL","Total","2013","2013","PC","Percentage","0","Units",,,13.9,,
"벨기에","Belgium","EMP9","Gender wage gap","ALL_PERSONS","All persons","TOTAL","Total","2012","2012","PC","Percentage","0","Units",,,6.4,,
"한국","Korea","EMP9","Gender wage gap","ALL_PERSONS","All persons","TOTAL","Total","2013","2013","PC","Percentage","0","Units",,,36.6,,
"스웨덴","Sweden","EMP9","Gender wage gap","ALL_PERSONS","All persons","TOTAL","Total","2012","2012","PC","Percentage","0","Units",,,15.1,,
"폴란드","Poland","EMP9","Gender wage gap","ALL_PERSONS","All persons","TOTAL","Total","2002","2002","PC","Percentage","0","Units",,,11.3,,
"스페인","Spain","EMP9","Gender wage gap","ALL_PERSONS","All persons","TOTAL","Total","2012","2012","PC","Percentage","0","Units",,,8.6,,
"멕시코","Mexico","EMP9","Gender wage gap","ALL_PERSONS","All persons","TOTAL","Total","2012","2012","PC","Percentage","0","Units",,,13.6,,
"덴마크","Denmark","EMP9","Gender wage gap","ALL_PERSONS","All persons","TOTAL","Total","2012","2012","PC","Percentage","0","Units",,,7,,
"멕시코","Mexico","EMP9","Gender wage gap","ALL_PERSONS","All persons","TOTAL","Total","2013","2013","PC","Percentage","0","Units",,,15.4,,
"멕시코","Mexico","EMP9","Gender wage gap","ALL_PERSONS","All persons","TOTAL","Total","2010","2010","PC","Percentage","0","Units",,,11.6,,
"덴마크","Denmark","EMP9","Gender wage gap","ALL_PERSONS","All persons","TOTAL","Total","2013","2013","PC","Percentage","0","Units",,,6.8,,
"아이스란드","Iceland","EMP9","Gender wage gap","ALL_PERSONS","All persons","TOTAL","Total","2013","2013","PC","Percentage","0","Units",,,14.5,,
"SVN","Slovenia","EMP9","Gender wage gap","ALL_PERSONS","All persons","TOTAL","Total","2002","2002","PC","Percentage","0","Units",,,9.4,,
"핀란드","Finland","EMP9","Gender wage gap","ALL_PERSONS","All persons","TOTAL","Total","2012","2012","PC","Percentage","0","Units",,,18.7,,
"멕시코","Mexico","EMP9","Gender wage gap","ALL_PERSONS","All persons","TOTAL","Total","2007","2007","PC","Percentage","0","Units",,,12.5,,
"헝가리","Hungary","EMP9","Gender wage gap","ALL_PERSONS","All persons","TOTAL","Total","2013","2013","PC","Percentage","0","Units",,,8.7,,
"칠레","Chile","EMP9","Gender wage gap","ALL_PERSONS","All persons","TOTAL","Total","2013","2013","PC","Percentage","0","Units",,,16.7,,
"오스트리아","Austria","EMP9","Gender wage gap","ALL_PERSONS","All persons","TOTAL","Total","2013","2013","PC","Percentage","0","Units",,,18.1,,
"폴란드","Poland","EMP9","Gender wage gap","ALL_PERSONS","All persons","TOTAL","Total","2003","2003","PC","Percentage","0","Units",,,11,,
"일본","Japan","EMP9","Gender wage gap","ALL_PERSONS","All persons","TOTAL","Total","2013","2013","PC","Percentage","0","Units",,,26.6,,
"노르웨이","Norway","EMP9","Gender wage gap","ALL_PERSONS","All persons","TOTAL","Total","2013","2013","PC","Percentage","0","Units",,,7,,
"폴란드","Poland","EMP9","Gender wage gap","ALL_PERSONS","All persons","TOTAL","Total","2012","2012","PC","Percentage","0","Units",,,10.6,,
"아일랜드","Ireland","EMP9","Gender wage gap","ALL_PERSONS","All persons","TOTAL","Total","2012","2012","PC","Percentage","0","Units",,,8.5,,
"오스트레일리아","Australia","EMP9","Gender wage gap","ALL_PERSONS","All persons","TOTAL","Total","2013","2013","PC","Percentage","0","Units",,,18,,
"미국","United States","EMP9","Gender wage gap","ALL_PERSONS","All persons","TOTAL","Total","2013","2013","PC","Percentage","0","Units",,,17.9,,
"슬로바키아","Slovak Republic","EMP9","Gender wage gap","ALL_PERSONS","All persons","TOTAL","Total","2013","2013","PC","Percentage","0","Units",,,14.1,,
"스페인","Spain","EMP9","Gender wage gap","ALL_PERSONS","All persons","TOTAL","Total","2002","2002","PC","Percentage","0","Units",,,17.2,,
"멕시코","Mexico","EMP9","Gender wage gap","ALL_PERSONS","All persons","TOTAL","Total","2009","2009","PC","Percentage","0","Units",,,16.7,,
"체코","Czech Republic","EMP9","Gender wage gap","ALL_PERSONS","All persons","TOTAL","Total","2013","2013","PC","Percentage","0","Units",,,15.4,,
"멕시코","Mexico","EMP9","Gender wage gap","ALL_PERSONS","All persons","TOTAL","Total","2006","2006","PC","Percentage","0","Units",,,18.6,,
"터키","Turkey","EMP9","Gender wage gap","ALL_PERSONS","All persons","TOTAL","Total","2006","2006","PC","Percentage","0","Units",,,3.2,,
"영국","United Kingdom","EMP9","Gender wage gap","ALL_PERSONS","All persons","TOTAL","Total","2014","2014","PC","Percentage","0","Units",,,17.4,,
"라트비아","Latvia","EMP9","Gender wage gap","ALL_PERSONS","All persons","TOTAL","Total","2002","2002","PC","Percentage","0","Units",,,18.9,,
"캐나다","Canada","EMP9","Gender wage gap","ALL_PERSONS","All persons","TOTAL","Total","2014","2014","PC","Percentage","0","Units",,,19.2,,
"리투아니아","Lithuania","EMP9","Gender wage gap","ALL_PERSONS","All persons","TOTAL","Total","2010","2010","PC","Percentage","0","Units",,,10.6,,
"리투아니아","Lithuania","EMP9","Gender wage gap","ALL_PERSONS","All persons","TOTAL","Total","2002","2002","PC","Percentage","0","Units",,,14.6,,
"라트비아","Latvia","EMP9","Gender wage gap","ALL_PERSONS","All persons","TOTAL","Total","2010","2010","PC","Percentage","0","Units",,,19.1,,
"미국","United States","EMP9","Gender wage gap","ALL_PERSONS","All persons","TOTAL","Total","2014","2014","PC","Percentage","0","Units",,,17.5,,
"헝가리","Hungary","EMP9","Gender wage gap","ALL_PERSONS","All persons","TOTAL","Total","2014","2014","PC","Percentage","0","Units",,,3.8,,
"멕시코","Mexico","EMP9","Gender wage gap","ALL_PERSONS","All persons","TOTAL","Total","2014","2014","PC","Percentage","0","Units",,,18.3,,
"라트비아","Latvia","EMP9","Gender wage gap","ALL_PERSONS","All persons","TOTAL","Total","2006","2006","PC","Percentage","0","Units",,,11,,
"슬로바키아","Slovak Republic","EMP9","Gender wage gap","ALL_PERSONS","All persons","TOTAL","Total","2014","2014","PC","Percentage","0","Units",,,14.4,,
"한국","Korea","EMP9","Gender wage gap","ALL_PERSONS","All persons","TOTAL","Total","2014","2014","PC","Percentage","0","Units",,,36.7,,
"리투아니아","Lithuania","EMP9","Gender wage gap","ALL_PERSONS","All persons","TOTAL","Total","2006","2006","PC","Percentage","0","Units",,,16,,
"체코","Czech Republic","EMP9","Gender wage gap","ALL_PERSONS","All persons","TOTAL","Total","2014","2014","PC","Percentage","0","Units",,,16.3,,
"노르웨이","Norway","EMP9","Gender wage gap","ALL_PERSONS","All persons","TOTAL","Total","2014","2014","PC","Percentage","0","Units",,,6.3,,
"오스트레일리아","Australia","EMP9","Gender wage gap","ALL_PERSONS","All persons","TOTAL","Total","2014","2014","PC","Percentage","0","Units",,,15.4,,
"오스트리아","Austria","EMP9","Gender wage gap","ALL_PERSONS","All persons","TOTAL","Total","2014","2014","PC","Percentage","0","Units",,,17.7,,
"벨기에","Belgium","EMP9","Gender wage gap","ALL_PERSONS","All persons","TOTAL","Total","2014","2014","PC","Percentage","0","Units",,,3.3,,
"캐나다","Canada","EMP9","Gender wage gap","ALL_PERSONS","All persons","TOTAL","Total","2015","2015","PC","Percentage","0","Units",,,18.6,,
"체코","Czech Republic","EMP9","Gender wage gap","ALL_PERSONS","All persons","TOTAL","Total","2015","2015","PC","Percentage","0","Units",,,16.5,,
"덴마크","Denmark","EMP9","Gender wage gap","ALL_PERSONS","All persons","TOTAL","Total","2014","2014","PC","Percentage","0","Units",,,6.3,,
"핀란드","Finland","EMP9","Gender wage gap","ALL_PERSONS","All persons","TOTAL","Total","2014","2014","PC","Percentage","0","Units",,,19.6,,
"독일","Germany","EMP9","Gender wage gap","ALL_PERSONS","All persons","TOTAL","Total","2014","2014","PC","Percentage","0","Units",,,17.1,,
"그리스","Greece","EMP9","Gender wage gap","ALL_PERSONS","All persons","TOTAL","Total","2014","2014","PC","Percentage","0","Units",,,9.1,,
"헝가리","Hungary","EMP9","Gender wage gap","ALL_PERSONS","All persons","TOTAL","Total","2015","2015","PC","Percentage","0","Units",,,9.5,,
"아이스란드","Iceland","EMP9","Gender wage gap","ALL_PERSONS","All persons","TOTAL","Total","2014","2014","PC","Percentage","0","Units",,,13.6,,
"아일랜드","Ireland","EMP9","Gender wage gap","ALL_PERSONS","All persons","TOTAL","Total","2014","2014","PC","Percentage","0","Units",,,15.2,,
"이탈리아","Italy","EMP9","Gender wage gap","ALL_PERSONS","All persons","TOTAL","Total","2014","2014","PC","Percentage","0","Units",,,5.6,,
"일본","Japan","EMP9","Gender wage gap","ALL_PERSONS","All persons","TOTAL","Total","2014","2014","PC","Percentage","0","Units",,,25.9,,
"룩셈부르크","Luxembourg","EMP9","Gender wage gap","ALL_PERSONS","All persons","TOTAL","Total","2014","2014","PC","Percentage","0","Units",,,3.4,,
"멕시코","Mexico","EMP9","Gender wage gap","ALL_PERSONS","All persons","TOTAL","Total","2015","2015","PC","Percentage","0","Units",,,16.7,,
"네덜란드","Netherlands","EMP9","Gender wage gap","ALL_PERSONS","All persons","TOTAL","Total","2014","2014","PC","Percentage","0","Units",,,14.1,,
"뉴질랜드","New Zealand","EMP9","Gender wage gap","ALL_PERSONS","All persons","TOTAL","Total","2014","2014","PC","Percentage","0","Units",,,6.1,,
"노르웨이","Norway","EMP9","Gender wage gap","ALL_PERSONS","All persons","TOTAL","Total","2015","2015","PC","Percentage","0","Units",,,7.1,,
"폴란드","Poland","EMP9","Gender wage gap","ALL_PERSONS","All persons","TOTAL","Total","2014","2014","PC","Percentage","0","Units",,,11.1,,
"포르투갈","Portugal","EMP9","Gender wage gap","ALL_PERSONS","All persons","TOTAL","Total","2014","2014","PC","Percentage","0","Units",,,18.9,,
"슬로바키아","Slovak Republic","EMP9","Gender wage gap","ALL_PERSONS","All persons","TOTAL","Total","2015","2015","PC","Percentage","0","Units",,,13.4,,
"스위스","Switzerland","EMP9","Gender wage gap","ALL_PERSONS","All persons","TOTAL","Total","2014","2014","PC","Percentage","0","Units",,,16.9,,
"터키","Turkey","EMP9","Gender wage gap","ALL_PERSONS","All persons","TOTAL","Total","2014","2014","PC","Percentage","0","Units",,,6.9,,
"영국","United Kingdom","EMP9","Gender wage gap","ALL_PERSONS","All persons","TOTAL","Total","2015","2015","PC","Percentage","0","Units",,,17.1,,
"미국","United States","EMP9","Gender wage gap","ALL_PERSONS","All persons","TOTAL","Total","2015","2015","PC","Percentage","0","Units",,,18.9,,
"칠레","Chile","EMP9","Gender wage gap","ALL_PERSONS","All persons","TOTAL","Total","2015","2015","PC","Percentage","0","Units",,,21.1,,
"콜롬비아","Colombia","EMP9","Gender wage gap","ALL_PERSONS","All persons","TOTAL","Total","2007","2007","PC","Percentage","0","Units",,,1.3,,
"콜롬비아","Colombia","EMP9","Gender wage gap","ALL_PERSONS","All persons","TOTAL","Total","2008","2008","PC","Percentage","0","Units",,,1.7,,
"콜롬비아","Colombia","EMP9","Gender wage gap","ALL_PERSONS","All persons","TOTAL","Total","2009","2009","PC","Percentage","0","Units",,,3.4,,
"콜롬비아","Colombia","EMP9","Gender wage gap","ALL_PERSONS","All persons","TOTAL","Total","2010","2010","PC","Percentage","0","Units",,,6.4,,
"콜롬비아","Colombia","EMP9","Gender wage gap","ALL_PERSONS","All persons","TOTAL","Total","2011","2011","PC","Percentage","0","Units",,,3.5,,
"콜롬비아","Colombia","EMP9","Gender wage gap","ALL_PERSONS","All persons","TOTAL","Total","2012","2012","PC","Percentage","0","Units",,,8.2,,
"콜롬비아","Colombia","EMP9","Gender wage gap","ALL_PERSONS","All persons","TOTAL","Total","2013","2013","PC","Percentage","0","Units",,,7.1,,
"콜롬비아","Colombia","EMP9","Gender wage gap","ALL_PERSONS","All persons","TOTAL","Total","2014","2014","PC","Percentage","0","Units",,,9.6,,
"콜롬비아","Colombia","EMP9","Gender wage gap","ALL_PERSONS","All persons","TOTAL","Total","2015","2015","PC","Percentage","0","Units",,,11.1,,
"코스타리카","Costa Rica","EMP9","Gender wage gap","ALL_PERSONS","All persons","TOTAL","Total","2011","2011","PC","Percentage","0","Units",,,4.6,,
"코스타리카","Costa Rica","EMP9","Gender wage gap","ALL_PERSONS","All persons","TOTAL","Total","2012","2012","PC","Percentage","0","Units",,,0.6,,
"코스타리카","Costa Rica","EMP9","Gender wage gap","ALL_PERSONS","All persons","TOTAL","Total","2014","2014","PC","Percentage","0","Units",,,5.1,,
"코스타리카","Costa Rica","EMP9","Gender wage gap","ALL_PERSONS","All persons","TOTAL","Total","2015","2015","PC","Percentage","0","Units",,,3.7,,
"에스토니아","Estonia","EMP9","Gender wage gap","ALL_PERSONS","All persons","TOTAL","Total","2014","2014","PC","Percentage","0","Units",,,28.3,,
"라트비아","Latvia","EMP9","Gender wage gap","ALL_PERSONS","All persons","TOTAL","Total","2014","2014","PC","Percentage","0","Units",,,21.1,,
"리투아니아","Lithuania","EMP9","Gender wage gap","ALL_PERSONS","All persons","TOTAL","Total","2014","2014","PC","Percentage","0","Units",,,12.5,,
"SVN","Slovenia","EMP9","Gender wage gap","ALL_PERSONS","All persons","TOTAL","Total","2014","2014","PC","Percentage","0","Units",,,5,,
"오스트레일리아","Australia","EMP9","Gender wage gap","ALL_PERSONS","All persons","TOTAL","Total","2015","2015","PC","Percentage","0","Units",,,13,,
"오스트레일리아","Australia","EMP9","Gender wage gap","ALL_PERSONS","All persons","TOTAL","Total","2016","2016","PC","Percentage","0","Units",,,14.3,,
"오스트리아","Austria","EMP9","Gender wage gap","ALL_PERSONS","All persons","TOTAL","Total","2015","2015","PC","Percentage","0","Units",,,17,,
"체코","Czech Republic","EMP9","Gender wage gap","ALL_PERSONS","All persons","TOTAL","Total","2016","2016","PC","Percentage","0","Units",,,16.3,,
"덴마크","Denmark","EMP9","Gender wage gap","ALL_PERSONS","All persons","TOTAL","Total","2015","2015","PC","Percentage","0","Units",,,5.8,,
"핀란드","Finland","EMP9","Gender wage gap","ALL_PERSONS","All persons","TOTAL","Total","2015","2015","PC","Percentage","0","Units",,,18.1,,
"프랑스","France","EMP9","Gender wage gap","ALL_PERSONS","All persons","TOTAL","Total","2014","2014","PC","Percentage","0","Units",,,9.9,,
"그리스","Greece","EMP9","Gender wage gap","ALL_PERSONS","All persons","TOTAL","Total","2015","2015","PC","Percentage","0","Units",,,6.2,,
"아이스란드","Iceland","EMP9","Gender wage gap","ALL_PERSONS","All persons","TOTAL","Total","2015","2015","PC","Percentage","0","Units",,,9.9,,
"아일랜드","Ireland","EMP9","Gender wage gap","ALL_PERSONS","All persons","TOTAL","Total","2015","2015","PC","Percentage","0","Units",,,14.4,,
"일본","Japan","EMP9","Gender wage gap","ALL_PERSONS","All persons","TOTAL","Total","2015","2015","PC","Percentage","0","Units",,,25.7,,
"한국","Korea","EMP9","Gender wage gap","ALL_PERSONS","All persons","TOTAL","Total","2015","2015","PC","Percentage","0","Units",,,37.2,,
"한국","Korea","EMP9","Gender wage gap","ALL_PERSONS","All persons","TOTAL","Total","2016","2016","PC","Percentage","0","Units",,,36.7,,
"멕시코","Mexico","EMP9","Gender wage gap","ALL_PERSONS","All persons","TOTAL","Total","2016","2016","PC","Percentage","0","Units",,,16.5,,
"포르투갈","Portugal","EMP9","Gender wage gap","ALL_PERSONS","All persons","TOTAL","Total","2015","2015","PC","Percentage","0","Units",,,18.9,,
"슬로바키아","Slovak Republic","EMP9","Gender wage gap","ALL_PERSONS","All persons","TOTAL","Total","2016","2016","PC","Percentage","0","Units",,,13.9,,
"스페인","Spain","EMP9","Gender wage gap","ALL_PERSONS","All persons","TOTAL","Total","2014","2014","PC","Percentage","0","Units",,,11.5,,
"영국","United Kingdom","EMP9","Gender wage gap","ALL_PERSONS","All persons","TOTAL","Total","2016","2016","PC","Percentage","0","Units",,,16.8,,
"미국","United States","EMP9","Gender wage gap","ALL_PERSONS","All persons","TOTAL","Total","2016","2016","PC","Percentage","0","Units",,,18.1,,
"코스타리카","Costa Rica","EMP9","Gender wage gap","ALL_PERSONS","All persons","TOTAL","Total","2010","2010","PC","Percentage","0","Units",,,0,,
"코스타리카","Costa Rica","EMP9","Gender wage gap","ALL_PERSONS","All persons","TOTAL","Total","2013","2013","PC","Percentage","0","Units",,,0,,
